metric,mean_A,mean_B,mean_diff_B_minus_A,std_diff,CI_lower,CI_upper,t_stat,t_p_value,cohen_d,wilcoxon_stat,wilcoxon_p
mAP50,0.645904,0.6576640000000001,0.011760000000000015,0.003755855428527575,0.007096489531939146,0.016423510468060884,-7.00137689423966,0.0021905146125493274,3.131110934323247,0.0,0.0625
mAP50_95,0.336476,0.333614,-0.002862000000000009,0.006007259774639362,-0.010320998190027377,0.004596998190027358,1.0653154336061006,0.3467666879854896,-0.476423545404581,6.0,0.8125
precision,0.8267279999999999,0.833982,0.007253999999999983,0.006761337145860978,-0.001141308913733402,0.015649308913733367,-2.398998416860923,0.07443715119205863,1.0728647076030802,1.0,0.125
recall,0.520408,0.5263359999999999,0.005928000000000011,0.0025747951374817855,0.002730969575038761,0.009125030424961262,-5.148141992990909,0.006753126637760652,2.3023190908297835,0.0,0.0625
